Fecha,Indices
ene-82,0.068104648
feb-82,0.069905125
mar-82,0.071801423
abr-82,0.07530774
may-82,0.079431566
jun-82,0.083601528
jul-82,0.087250984
ago-82,0.103080278
sep-82,0.107725794
oct-82,0.112559401
nov-82,0.11691982
dic-82,0.138720737
ene-83,0.14938401
feb-83,0.153886386
mar-83,0.159952646
abr-83,0.172796129
may-83,0.178625795
jun-83,0.182653801
jul-83,0.193507532
ago-83,0.201754001
sep-83,0.20834195
oct-83,0.216397961
nov-83,0.235260385
dic-83,0.242228067
ene-84,0.254834956
feb-84,0.271706445
mar-84,0.282986044
abr-84,0.302796026
may-84,0.317346532
jun-84,0.328057123
jul-84,0.336066999
ago-84,0.340189643
sep-84,0.348673889
oct-84,0.365261465
nov-84,0.37587742
dic-84,0.392085264
ene-85,0.434597583
feb-85,0.454550703
mar-85,0.469527078
abr-85,0.477535771
may-85,0.486730981
jun-85,0.494976267
jul-85,0.504171477
ago-85,0.520617098
sep-85,0.536399073
oct-85,0.555450772
nov-85,0.574265877
dic-85,0.632370897
ene-86,0.707536681
feb-86,0.741280841
mar-86,0.779242283
abr-86,0.82753695
may-86,0.872417571
jun-86,0.928437018
jul-86,0.97692096
ago-86,1.102086067
sep-86,1.170996316
oct-86,1.237395124
nov-86,1.326115354
dic-86,1.424978352
ene-87,1.524172581
feb-87,1.630571084
mar-87,1.732560666
abr-87,1.921329228
may-87,2.078106788
jun-87,2.24071283
jul-87,2.405216354
ago-87,2.623225517
sep-87,2.770381999
oct-87,2.947965599
nov-87,3.117775916
dic-87,3.646259751
ene-88,4.37768292
feb-88,4.70370179
mar-88,4.82583495
abr-88,4.886166316
may-88,4.901522423
jun-88,4.922990925
jul-88,4.97739917
ago-88,4.996023817
sep-88,4.977066756
oct-88,5.022564886
nov-88,5.086498389
dic-88,5.162091224
ene-89,5.303554081
feb-89,5.32031792
mar-89,5.339299823
abr-89,5.379113793
may-89,5.394503023
jun-89,5.420300005
jul-89,5.438693974
ago-89,5.460113974
sep-89,5.505478429
oct-89,5.622653771
nov-89,5.694248174
dic-89,5.956694346
ene-90,6.41213819
feb-90,6.493319366
mar-90,6.554593557
abr-90,6.649939591
may-90,6.784976566
jun-90,7.037553236
jul-90,7.16312765
ago-90,7.289990316
sep-90,7.35352161
oct-90,7.459035253
nov-90,7.712320521
dic-90,7.960430305
ene-91,8.184915035
feb-91,8.325106201
mar-91,8.448091098
abr-91,8.476227991
may-91,8.515230444
jun-91,8.576747144
jul-91,8.631418007
ago-91,8.682713864
sep-91,8.742217152
oct-91,8.850226858
nov-91,9.362474457
dic-91,9.737514335
ene-92,9.83674287
feb-92,9.87898429
mar-92,9.928318785
abr-92,9.951411503
may-92,10.02488091
jun-92,10.1116386
jul-92,10.18343647
ago-92,10.2643917
sep-92,10.32070097
oct-92,10.38958638
nov-92,10.43979391
dic-92,10.52417028
ene-93,10.65657752
feb-93,10.76179897
mar-93,10.85937253
abr-93,10.91334662
may-93,10.95047171
jun-93,10.97799582
jul-93,11.04275267
ago-93,11.11021852
sep-93,11.15016025
oct-93,11.21409612
nov-93,11.25986633
dic-93,11.31682032
ene-94,11.43123816
feb-94,11.5260838
mar-94,11.62484388
abr-94,11.69293197
may-94,11.73908783
jun-94,11.78832532
jul-94,11.8445092
ago-94,11.90234332
sep-94,11.97689633
oct-94,12.06596435
nov-94,12.13020661
dic-94,12.23372695
ene-95,12.7845121
feb-95,13.3343556
mar-95,14.52424391
abr-95,16.03998075
may-95,16.61726911
jun-95,17.04893412
jul-95,17.38063833
ago-95,17.62492121
sep-95,17.93757964
oct-95,18.30264355
nov-95,18.90004237
dic-95,19.64318283
ene-96,20.57701773
feb-96,21.09101731
mar-96,21.58112093
abr-96,22.28226604
may-96,22.65963281
jun-96,23.06385296
jul-96,23.43045473
ago-96,23.80652024
sep-96,24.13396577
oct-96,24.50435304
nov-96,24.97576576
dic-96,26.18487731
ene-97,26.80498911
feb-97,27.18022654
mar-97,27.50364998
abr-97,27.80376895
may-97,28.02309121
jun-97,28.26264222
jul-97,28.44765841
ago-97,28.61824238
sep-97,28.94462324
oct-97,29.28721076
nov-97,29.69285047
dic-97,30.08275671
ene-98,30.74935915
feb-98,31.31257019
mar-98,31.58417963
abr-98,31.81497668
may-98,31.84537896
jun-98,32.26923637
jul-98,32.55172912
ago-98,32.92649337
sep-98,33.49940475
oct-98,34.09845972
nov-98,34.89968391
dic-98,35.78418905
ene-99,36.79515346
feb-99,37.44460286
mar-99,37.90276635
abr-99,38.25091382
may-99,38.27622933
jun-99,38.50324088
jul-99,38.74361997
ago-99,38.90805252
sep-99,39.15292688
oct-99,39.51574315
nov-99,40.06901726
dic-99,40.48979896
ene-00,41.11274989
feb-00,41.56700958
mar-00,41.84559853
abr-00,41.97501523
may-00,41.92840629
jun-00,42.0496605
jul-00,42.2159858
ago-00,42.44583647
sep-00,42.66338428
oct-00,43.03211539
nov-00,43.68759793
dic-00,44.02758292
ene-01,44.45972111
feb-01,44.810826
mar-01,45.03771925
abr-01,45.14430467
may-01,44.99501411
jun-01,45.1023093
jul-01,44.8070405
ago-01,44.83058156
sep-01,45.12679674
oct-01,45.31429716
nov-01,45.68823333
dic-01,45.71295736
ene-02,46.09978788
feb-02,46.57770693
mar-02,46.81359074
abr-02,46.9996716
may-02,46.90692691
jun-02,46.98701384
jul-02,46.96200289
ago-02,47.12360462
sep-02,47.33014897
oct-02,47.76447669
nov-02,48.45969889
dic-02,48.48419063
ene-03,48.90084009
feb-03,49.14366671
mar-03,49.41242716
abr-03,49.49212736
may-03,48.84547225
jun-03,48.86816531
jul-03,48.8636535
ago-03,49.01206917
sep-03,49.23162225
oct-03,49.55571893
nov-03,50.5412533
dic-03,50.7674665
ene-04,51.3645495
feb-04,51.83996583
mar-04,52.15415305
abr-04,52.22232023
may-04,51.72163291
jun-04,51.86808741
jul-04,51.99536215
ago-04,52.33782043
sep-04,52.59843321
oct-04,53.03688843
nov-04,53.97131275
dic-04,54.18610693
ene-05,54.42593355
feb-05,54.56599452
mar-05,54.76463493
abr-05,54.6703573
may-05,53.83683666
jun-05,53.91707945
jul-05,54.00342422
ago-05,54.15245949
sep-05,54.39856098
oct-05,54.85660514
nov-05,56.00241442
dic-05,56.28998059
ene-06,56.64365173
feb-06,56.67346038
mar-06,56.86317831
abr-06,56.8472064
may-06,55.91768667
jun-06,55.98296877
jul-06,56.14171137
ago-06,56.44736064
sep-06,56.73581262
oct-06,57.09985616
nov-06,58.2557673
dic-06,58.64846877
ene-07,59.20359841
feb-07,59.26423585
mar-07,59.30487953
abr-07,58.98930828
may-07,58.42161144
jun-07,58.53759539
jul-07,58.7252209
ago-07,58.95949211
sep-07,59.24614616
oct-07,59.91339195
nov-07,60.70532625
dic-07,61.01065004
ene-08,61.46900653
feb-08,61.64172725
mar-08,62.16197523
abr-08,62.06507856
may-08,61.74063132
jun-08,62.12324737
jul-08,62.57403029
ago-08,63.28728584
sep-08,63.78450358
oct-08,64.52214298
nov-08,65.73473969
dic-08,66.08598963
ene-09,66.42620776
feb-09,66.62947217
mar-09,66.88995006
abr-09,66.87753304
may-09,66.23263264
jun-09,66.31357194
jul-09,66.32517379
ago-09,66.50501915
sep-09,66.60939981
oct-09,67.35380531
nov-09,68.27698095
dic-09,68.43234707
ene-10,69.44468112
feb-10,69.90187367
mar-10,70.15739023
abr-10,69.78468199
may-10,68.8433166
jun-10,68.76836098
jul-10,68.81631618
ago-10,69.05066905
sep-10,69.30037408
oct-10,70.0403455
nov-10,71.09396346
dic-10,71.2987476
ene-11,71.85042076
feb-11,72.314819
mar-11,72.61441968
abr-11,71.81006886
may-11,70.79932769
jun-11,71.00551888
jul-11,71.27302
ago-11,71.51186687
sep-11,71.81980208
oct-11,72.96627152
nov-11,74.77042664
dic-11,75.44358613
ene-12,76.18431771
feb-12,76.5483764
mar-12,76.61409418
abr-12,75.9609062
may-12,74.94595059
jun-12,75.13323694
jul-12,75.68297487
ago-12,76.1344168
sep-12,76.28488293
oct-12,77.04199896
nov-12,78.35534722
dic-12,78.43649982
ene-13,79.05677899
feb-13,79.57399123
mar-13,79.99036859
abr-13,79.858333
may-13,79.17507617
jun-13,79.31288752
jul-13,79.32577443
ago-13,79.46195874
sep-13,79.69764483
oct-13,80.60742871
nov-13,82.01837647
dic-13,82.51668655
ene-14,83.93115415
feb-14,84.17780143
mar-14,84.38570999
abr-14,83.71941106
may-14,82.81921992
jun-14,83.12475918
jul-14,83.28543197
ago-14,83.46903099
sep-14,83.67746626
oct-14,84.721734
nov-14,86.19125225
dic-14,86.35962372
ene-15,86.4008472
feb-15,86.67649754
mar-15,87.15662404
abr-15,86.33086756
may-15,84.99899071
jun-15,85.04348216
jul-15,84.96258827
ago-15,85.1985292
sep-15,85.4098163
oct-15,86.3006265
nov-15,87.24948489
dic-15,87.23554415
ene-16,87.32386388
feb-16,87.60267084
mar-16,87.64088453
abr-16,86.96143339
may-16,85.67537259
jun-16,85.69247188
jul-16,86.18115197
ago-16,86.5708614
sep-16,86.76492884
oct-16,87.86176161
nov-16,89.32303098
dic-16,89.69159976
ene-17,93.66186642
feb-17,94.30349651
mar-17,94.51452209
abr-17,93.77142359
may-17,92.93960884
jun-17,93.03656194
jul-17,93.01716282
ago-17,93.43458814
sep-17,93.80569321
oct-17,95.59750597
nov-17,97.6722771
dic-17,98.31489327
ene-18,99.55047264
feb-18,100.3983335
mar-18,100.6209305
abr-18,99.58525084
may-18,98.90654342
jun-18,99.41737859
jul-18,99.88926392
ago-18,100.6128585
sep-18,101.4412656
oct-18,102.5622507
nov-18,103.636272
dic-18,103.7803922
ene-19,103.5931844
feb-19,104.2122222
mar-19,104.9012972
abr-19,104.1410627
may-19,103.0903944
jun-19,102.7562935
jul-19,102.8151876
ago-19,102.9592628
sep-19,103.3398955
oct-19,104.5528477
nov-19,106.1438601
dic-19,106.5081742
ene-20,106.9415325
feb-20,107.149865
mar-20,106.2919112
abr-20,103.797302
may-20,104.3327693
jun-20,105.9874551
jul-20,107.3574121
ago-20,107.6103844
sep-20,107.6990707
oct-20,108.7278668
nov-20,109.4129686
dic-20,110.1657918
ene-21,111.9990937
feb-21,113.3463905
mar-21,114.8022926
abr-21,114.5077872
may-21,113.6136111
jun-21,114.2235024
jul-21,115.1826526
ago-21,114.5776564
sep-21,115.4662557
oct-21,117.4350055
nov-21,119.064912
dic-21,119.0322338
ene-22,119.9964249
feb-22,121.2691098
mar-22,123.0385269
abr-22,123.3939627
may-22,122.9681415
jun-22,123.9982912
jul-22,125.1855366
ago-22,125.939693
sep-22,126.4960498
oct-22,127.5864327
nov-22,128.953698
dic-22,129.0535732
ene-23,129.934284
feb-23,130.9154819
mar-23,131.0868589
abr-23,130.4366994
may-23,129.1870081
jun-23,128.7056081
jul-23,128.6869956
ago-23,129.4006566
sep-23,130.2120333
oct-23,131.785215
nov-23,133.6859312
dic-23,134.0319613
ene-24,134.5114477
feb-24,135.685118
mar-24,135.8800835
abr-24,135.314239
may-24,134.1206027
jun-24,134.2734371
jul-24,135.4202243
